firstName,lastName,email,password,displayName
Hayley,Reichel-Watsica,Aaliyah23@hotmail.com,F2EAFyTqHbR4Kt6,Alek.Osinski45
Keegan,Connelly,Trey_Satterfield80@hotmail.com,bRtsuoo1tYIHS3b,Edythe_Conroy83
Harley,Barton,Neoma.Yundt28@yahoo.com,Kk6KMwvRax5wOXV,Kiley_Corkery26
Maximus,Brakus,Kade.Wiegand@hotmail.com,TiSQlzXtvTKumDF,Kaley.OHara34
Khalid,Nienow,Moises_Tillman@hotmail.com,hBBiBvhItPkKBWz,Hailey_Ferry77
Kiera,Abernathy,Ollie_Cremin@gmail.com,udBMwiMypbU1Mgy,Claudia23
Nicole,Romaguera,Cordia.Beatty@hotmail.com,1FQ8rT7Up7XWHVC,Aiden23
Mike,Moore,Gilbert.Stracke55@hotmail.com,ICzxk6dV_CV48g0,Cleta_McClure
Amaya,Robel,Dawson_Kunde@gmail.com,ouiOnZiWLSXEQU5,Nathanial.Ortiz
Brenna,Runolfsdottir,Fritz9@gmail.com,h0B9m3yWRpxffRj,Myra_Cummerata1
Hertha,Rempel,Lexie_White55@yahoo.com,4wyFO0ZUKxmxCFZ,Vincenza.Daniel
Aric,Pouros,Jocelyn_Bahringer82@yahoo.com,M1PumSAzBXvt7qw,Virginia.Keeling
Pietro,Grant,Brandon1@yahoo.com,Y5J8ms7unWT23kX,Leora42
Amari,Jacobi,Terry_Abbott37@hotmail.com,9Zo4WHBcXchrhkc,Stephania26
Marcos,Klein,Floyd40@yahoo.com,SVI0Iab3IA5ltyv,Otha1
Dena,Steuber,Kamryn57@hotmail.com,fRKjWMnAjDd72ns,Sean_Pfeffer
Cielo,Ledner,Jamir84@yahoo.com,YpxTwM95J3NPf4Q,Della41
Carlotta,Moen,Darrell_Brakus@hotmail.com,N54aT_Qh6RvkdFs,Armand.Herman
Samson,Wiegand,Colby9@hotmail.com,eciZGlcXjf996Aj,Peyton_King
Alvina,King-Gutkowski,Viviane_Hessel@hotmail.com,H4T_SmLBuS0WgxC,Mollie.Schneider69
Jeff,Spencer,Iliana.McCullough20@gmail.com,869hxL4tQM5elO4,Laurel38
Joan,Schaefer,Johnny_Lindgren80@gmail.com,9VdMD6QbLICnmEc,Jaden_Rippin
Rosario,Keebler,Rebeca14@yahoo.com,fZaXLWChFEgpKKX,Jaunita80
Yvonne,Satterfield,Sunny12@hotmail.com,ebZTjwulQwd2pcw,Kaylah_Stoltenberg-Rath26
Sylvia,Jacobs-Marvin,Delphine88@yahoo.com,ntqnXlSPjwCxJQ6,Trevor71
Jazmin,O'Conner,Alejandrin88@gmail.com,ruVQbLtPuW4nRpx,Juanita94
Gabriel,Waters,Shemar_Marvin@hotmail.com,6G6B1rZHn02Jc07,Shane.Kris
Anais,Fay,Amely_Conn17@yahoo.com,1XWynLYviYd3KtD,Emmanuelle_Mitchell-Cummings41
Ocie,Senger,Cassandre47@hotmail.com,BjO4fXMJLi05LAR,Ali_Fritsch
Brady,Hahn,Aida_Pollich35@hotmail.com,FrRymKcbhKWwmOr,Kendra.Mueller
Margie,Mayert,Delmer_Jones54@yahoo.com,B8r38g8j9IRmEB5,Rosalia97
Mozelle,Rodriguez,Carter.Deckow@gmail.com,ODf2xa_lb07b4Zx,Madge.Larson
Ellis,Skiles,Jazmyn70@hotmail.com,NDj0G4yISGKfA2K,Nickolas_Ebert81
Nelle,Nienow-Haag,Lavern.Grimes94@gmail.com,IxkAlph3MF3vuDe,Justine.Kunde
Colleen,Reichel,Ardella60@yahoo.com,BvukZkk1Wbxk3SS,Krystina26
Katlyn,Emmerich,Katarina.Stamm26@hotmail.com,ryrVcGi4egHy9r6,Montana_Larson
Alexane,Rowe,Garnett_Russel61@gmail.com,YGccjCve7S5Bwt1,Karianne13
Bonnie,Murphy,Lessie.Hane@gmail.com,KoYIYABa96MvGdt,Kathryn.Kirlin45
Beatrice,Wiegand,Brendon.Kemmer60@gmail.com,siPzPEqNWnzxR3q,Mya_Windler54
Ulises,Stiedemann,Linnea61@gmail.com,VJzrorIJX9rmNSp,Timothy49
Deja,O'Keefe,Heath.Paucek@gmail.com,QS3uz5VdeVlQ5lv,Maurice40
Burdette,O'Hara,Chelsey95@gmail.com,Gx7qGRHRDr9L8Fl,Morgan_Abshire
Ernie,Predovic,Angie.Gerhold@hotmail.com,TrOrun2yX8vUKVx,Jason_Kirlin
Maritza,Farrell,Alycia_Funk@yahoo.com,ATki1wAjVe1cIbh,Deon.Pouros
Jovany,Lind,Gabrielle23@yahoo.com,dEP01UmQtj2LzIA,Jess.Crooks
Rhianna,Stamm,Rosalinda.Schmidt@hotmail.com,ZdQQ3rrneMZMTVV,Jane_Keebler
Anibal,Haag,Neva.McClure6@yahoo.com,O3IhXwc6D2gAliO,Karlie8
Luis,Heller,Aniya.Altenwerth14@yahoo.com,MYHCgjUxuaB68Jw,Johnny.Witting55
Aniya,Stamm,Zechariah_Beer@hotmail.com,nW29tKodBj5PNS6,Camille.Hills46
Mona,Kreiger,Estrella_Monahan86@hotmail.com,GhHsvFPJE6PjioF,Christopher18
Octavia,Greenfelder,Leola.Pollich@gmail.com,Ez_XIAHiGrQV5pc,Zoe74
Antoinette,Krajcik,Elinore.Stokes@hotmail.com,lTNv9Kt99FgU5Pr,Bryon.Botsford-Beahan23
Dangelo,Herzog,Kian37@hotmail.com,tenBOSdATU8hIzj,Alexandrine.Kris75
Hellen,Corwin,Janessa94@yahoo.com,AQbt8Ii0SBl3inZ,Jacey.Rath
Holly,Stamm,Saul_Tillman@gmail.com,_qo9K7QILsQMGjS,Ron.Baumbach
Filomena,Jacobson,Vaughn_Welch-Wolff70@yahoo.com,AvGJy7oz_b9Psac,Leone.Kunze25
Janie,Gleason,Rashawn78@yahoo.com,qWcSp8SsIhRv4ot,Luz.Bernier
Julien,Muller,Johnson_Denesik41@gmail.com,V6Ye7vE0MqqZs5A,Lionel_Jenkins
Lew,Beer,Elian_Schimmel@hotmail.com,3h_JJx2XrwZoftw,Boyd44
Julian,Wehner,Lambert_Bashirian-Feest65@gmail.com,ryJXUy4QrLeXyOx,Gabriella58
Vito,Collier,Antonietta.Witting80@hotmail.com,hMNbKKBcaQcZ4ik,Milford79
Charles,Hudson,Mollie_Leuschke@hotmail.com,iNIIDp3ynYabZO4,Ashly46
Kale,Hayes,Alda_Renner33@hotmail.com,Tq2Icsk_JXo4FSy,Sofia_Haag
Scarlett,Stehr,Ernesto_Paucek7@yahoo.com,Otq3hqIANuqopCx,Lambert.Donnelly15
Ethelyn,Zemlak,Pinkie_Moore81@hotmail.com,1HDtNHpy3FLVJkO,Khalil10
Talon,Bahringer,Marianna_McLaughlin@gmail.com,B4P2ou8X6I4dvsk,Maxwell82
Wilhelmine,Kutch,Franco_Gorczany38@gmail.com,kO9uQEF3eK31pgb,Lance_Flatley
Raleigh,Schoen,Erika_Bergstrom45@gmail.com,Iic9sYI3EO8VVgu,Marie23
Lawson,Bernier,Christine.Sporer91@hotmail.com,IBEkHTnNCYukTCZ,Kianna39
Uriel,Wilderman,Lula.Huels40@yahoo.com,K_5VxQbYHgPTUcF,Tomas.Stracke68
Dexter,Bernier,Addie.Hickle-Feil@yahoo.com,j5PAwEXTOAUSFca,Jalyn.Crist
Florian,Morar,Maiya_Rath57@yahoo.com,Jg4iR1SidSUkmHj,Tommie.Blanda50
Tessie,Runolfsdottir,Taryn_Kautzer62@hotmail.com,goJ55pEbyOABO9w,Lavada0
Jakayla,Grady,Marjory_Predovic42@hotmail.com,1lpyqcRNFuuRKDd,Kirsten_Feest
Yolanda,Ryan,Morton.Mills22@gmail.com,SjHvm5yY1CrwmyP,Anastasia.Abshire36
Ana,Greenholt,Buford.Torp@hotmail.com,2XPKzIiJqmqunEz,Ines.Brakus9
Walter,Graham,Isom_Mohr@hotmail.com,bitDC5VA0MK023Y,Mason_Marvin
Sabina,Kulas,Lola_Barton@gmail.com,sk960uO9CYOEcOP,Karianne.Abshire
Edmund,Collier,Caroline_Douglas@hotmail.com,r2pyByPGrU2fJ2F,Ulises_Kunde
Missouri,Wolff,Jazmin17@gmail.com,_xJxxOMm9zF7bX1,Emily62
Anderson,Conn,Maia.Kutch@hotmail.com,PqFJxMqS0pg3aGU,Constance.Hamill14
Fern,Wintheiser,Elaina33@hotmail.com,satuUfwJryAnCmm,Harry.Runolfsdottir80
Lisette,Harvey,Jacinthe.Lynch@hotmail.com,bNa4RoUQ0o0D1zG,Napoleon_Gerlach7
Verdie,Bode,Alexis.Kub@yahoo.com,ai1VMunQGRDU3vq,Valentin_Willms15
Gustave,Roberts,Ethan60@gmail.com,Yhtx9iYzbtNg_0q,Napoleon_Jaskolski36
Sanford,Lindgren,Alena_Bogan60@yahoo.com,bHf1H3NtZpXqy_W,Mikel_Hoppe15
Garrett,Schuppe,Elva_Lowe23@yahoo.com,A0jQWlbzvNzUp4r,Sonya.Gusikowski32
Kara,Smitham,Mable32@gmail.com,Ik8qydKFO97Dqwz,Kara27
Trey,Rohan,Adella_Koepp@gmail.com,o7Edg7FiIvXCV11,Maryjane.Sporer3
Lilyan,Wilkinson,Shana.Wiza@yahoo.com,r4nxlCnQrLyu9Jy,Ulises_Leuschke3
Juana,Hills,Kennedy88@hotmail.com,8Z5glkP8rjzSTgy,Jordy98
Gerry,Hahn,Torey.Waters@hotmail.com,5g1Qm93HxDvSvrZ,Felton.Zieme
Jayce,Jenkins,Allen_Zboncak@hotmail.com,fZEe7ExyNUHVqZ5,Gracie30
Montana,Schoen,Ansley51@yahoo.com,FBd2RSB0385NMd1,Maddison_Kihn
Maia,Crist,Trevion_Stamm@gmail.com,DhHyNysN3UtNWch,Modesta.Batz83
Alexandra,Breitenberg,Sandy_Stanton13@gmail.com,SlvjHd80mvpCED7,Talia_Gusikowski72
Nikki,Murphy,Freda.McDermott@hotmail.com,UOF3jC8S_E5sevn,Karine.Murazik
Dejah,Parker,Lilyan.Feeney10@gmail.com,VUkX79De9R7_Lnm,Hollis_Bednar
Hailee,Swift,Beverly_Bailey@gmail.com,DwFqFnSPxCGD3GT,Henriette10
Jamil,Kulas,Cordie.Smitham@yahoo.com,qrLRD_2OkZuS6Mm,Sonny_Mills91